subscale,pre_alpha,post_alpha,items
IM,0.9327569105234593,0.9488671862155141,"Q1,Q5,Q9,Q13"
IR,0.8949821030593639,0.9549858286724215,"Q2,Q6,Q10,Q14"
ER,0.9248978201634878,0.9534642595755063,"Q3,Q7,Q15"
AM,0.8589390254886065,0.8660827706090792,"Q4,Q8,Q12,Q16"
